[
{"type":"header","version":"5.2.1","comment":"Export to JSON plugin for PHPMyAdmin"},
{"type":"database","name":"ucy-migration"},
{"type":"table","name":"featured_listings","database":"ucy-migration","data":
[
{"id":"2762","listing_id":"3273","feature_num":"1","feature_type":"Powerboat","feature_website":"TorontoYachtSales.com"},
{"id":"2757","listing_id":"3282","feature_num":"2","feature_type":"Powerboat","feature_website":"TorontoYachtSales.com"},
{"id":"2756","listing_id":"3272","feature_num":"3","feature_type":"Powerboat","feature_website":"TorontoYachtSales.com"},
{"id":"2742","listing_id":"3266","feature_num":"4","feature_type":"Powerboat","feature_website":"TorontoYachtSales.com"},
{"id":"2745","listing_id":"3251","feature_num":"1","feature_type":"Powerboat","feature_website":"KingstonYachtSales.com"},
{"id":"2737","listing_id":"3262","feature_num":"2","feature_type":"Powerboat","feature_website":"KingstonYachtSales.com"},
{"id":"2732","listing_id":"3267","feature_num":"3","feature_type":"Powerboat","feature_website":"KingstonYachtSales.com"},
{"id":"2730","listing_id":"3115","feature_num":"4","feature_type":"Powerboat","feature_website":"KingstonYachtSales.com"},
{"id":"2773","listing_id":"3127","feature_num":"1","feature_type":"Powerboat","feature_website":"GeorgianBayYachtSales.com"},
{"id":"2772","listing_id":"3143","feature_num":"2","feature_type":"Powerboat","feature_website":"GeorgianBayYachtSales.com"},
{"id":"2768","listing_id":"3268","feature_num":"3","feature_type":"Powerboat","feature_website":"GeorgianBayYachtSales.com"},
{"id":"2766","listing_id":"3271","feature_num":"4","feature_type":"Powerboat","feature_website":"GeorgianBayYachtSales.com"},
{"id":"2771","listing_id":"3129","feature_num":"1","feature_type":"Powerboat","feature_website":"VancouverYachtSales.com"},
{"id":"2770","listing_id":"2959","feature_num":"2","feature_type":"Powerboat","feature_website":"VancouverYachtSales.com"},
{"id":"2769","listing_id":"3134","feature_num":"3","feature_type":"Powerboat","feature_website":"VancouverYachtSales.com"},
{"id":"2761","listing_id":"3287","feature_num":"4","feature_type":"Powerboat","feature_website":"VancouverYachtSales.com"},
{"id":"2556","listing_id":"3064","feature_num":"1","feature_type":"Powerboat","feature_website":"MontrealYachtSales.com"},
{"id":"2548","listing_id":"3065","feature_num":"2","feature_type":"Powerboat","feature_website":"MontrealYachtSales.com"},
{"id":"2538","listing_id":"3056","feature_num":"3","feature_type":"Powerboat","feature_website":"MontrealYachtSales.com"},
{"id":"2530","listing_id":"3053","feature_num":"4","feature_type":"Powerboat","feature_website":"MontrealYachtSales.com"},
{"id":"324","listing_id":"1276","feature_num":"1","feature_type":"Powerboat","feature_website":"BateauxAVendreMontreal.com"},
{"id":"2713","listing_id":"3239","feature_num":"1","feature_type":"Powerboat","feature_website":"KelownaYachtSales.com"},
{"id":"2692","listing_id":"3194","feature_num":"2","feature_type":"Powerboat","feature_website":"KelownaYachtSales.com"},
{"id":"2691","listing_id":"3199","feature_num":"3","feature_type":"Powerboat","feature_website":"KelownaYachtSales.com"},
{"id":"2686","listing_id":"3197","feature_num":"4","feature_type":"Powerboat","feature_website":"KelownaYachtSales.com"},
{"id":"2765","listing_id":"3264","feature_num":"1","feature_type":"Powerboat","feature_website":"VancouverIslandYachtSales.com"},
{"id":"2764","listing_id":"3226","feature_num":"2","feature_type":"Powerboat","feature_website":"VancouverIslandYachtSales.com"},
{"id":"2760","listing_id":"3269","feature_num":"3","feature_type":"Powerboat","feature_website":"VancouverIslandYachtSales.com"},
{"id":"2752","listing_id":"3280","feature_num":"4","feature_type":"Powerboat","feature_website":"VancouverIslandYachtSales.com"},
{"id":"2767","listing_id":"3131","feature_num":"1","feature_type":"Powerboat","feature_website":"UnitedCityYachts.com"},
{"id":"2758","listing_id":"3276","feature_num":"2","feature_type":"Powerboat","feature_website":"UnitedCityYachts.com"},
{"id":"2755","listing_id":"3284","feature_num":"3","feature_type":"Powerboat","feature_website":"UnitedCityYachts.com"},
{"id":"2754","listing_id":"3275","feature_num":"4","feature_type":"Powerboat","feature_website":"UnitedCityYachts.com"},
{"id":"2747","listing_id":"3120","feature_num":"1","feature_type":"Sailboat","feature_website":"TorontoYachtSales.com"},
{"id":"2716","listing_id":"3237","feature_num":"2","feature_type":"Sailboat","feature_website":"TorontoYachtSales.com"},
{"id":"2703","listing_id":"3216","feature_num":"3","feature_type":"Sailboat","feature_website":"TorontoYachtSales.com"},
{"id":"2660","listing_id":"2429","feature_num":"4","feature_type":"Sailboat","feature_website":"TorontoYachtSales.com"},
{"id":"2578","listing_id":"3133","feature_num":"1","feature_type":"Sailboat","feature_website":"KingstonYachtSales.com"},
{"id":"2571","listing_id":"2850","feature_num":"2","feature_type":"Sailboat","feature_website":"KingstonYachtSales.com"},
{"id":"2531","listing_id":"3103","feature_num":"3","feature_type":"Sailboat","feature_website":"KingstonYachtSales.com"},
{"id":"2479","listing_id":"3013","feature_num":"4","feature_type":"Sailboat","feature_website":"KingstonYachtSales.com"},
{"id":"2617","listing_id":"3158","feature_num":"1","feature_type":"Sailboat","feature_website":"GeorgianBayYachtSales.com"},
{"id":"2285","listing_id":"3013","feature_num":"2","feature_type":"Sailboat","feature_website":"GeorgianBayYachtSales.com"},
{"id":"2115","listing_id":"2865","feature_num":"3","feature_type":"Sailboat","feature_website":"GeorgianBayYachtSales.com"},
{"id":"2020","listing_id":"2698","feature_num":"4","feature_type":"Sailboat","feature_website":"GeorgianBayYachtSales.com"},
{"id":"2759","listing_id":"3294","feature_num":"1","feature_type":"Sailboat","feature_website":"VancouverYachtSales.com"},
{"id":"2739","listing_id":"3250","feature_num":"2","feature_type":"Sailboat","feature_website":"VancouverYachtSales.com"},
{"id":"2736","listing_id":"3263","feature_num":"3","feature_type":"Sailboat","feature_website":"VancouverYachtSales.com"},
{"id":"2680","listing_id":"3217","feature_num":"4","feature_type":"Sailboat","feature_website":"VancouverYachtSales.com"},
{"id":"2582","listing_id":"3074","feature_num":"1","feature_type":"Sailboat","feature_website":"MontrealYachtSales.com"},
{"id":"1732","listing_id":"2527","feature_num":"2","feature_type":"Sailboat","feature_website":"MontrealYachtSales.com"},
{"id":"1418","listing_id":"2353","feature_num":"3","feature_type":"Sailboat","feature_website":"MontrealYachtSales.com"},
{"id":"1419","listing_id":"2237","feature_num":"4","feature_type":"Sailboat","feature_website":"MontrealYachtSales.com"},
{"id":"2419","listing_id":"2954","feature_num":"1","feature_type":"Sailboat","feature_website":"KelownaYachtSales.com"},
{"id":"2227","listing_id":"2589","feature_num":"2","feature_type":"Sailboat","feature_website":"KelownaYachtSales.com"},
{"id":"1856","listing_id":"2610","feature_num":"3","feature_type":"Sailboat","feature_website":"KelownaYachtSales.com"},
{"id":"1667","listing_id":"2710","feature_num":"4","feature_type":"Sailboat","feature_website":"KelownaYachtSales.com"},
{"id":"2632","listing_id":"3086","feature_num":"1","feature_type":"Sailboat","feature_website":"VancouverIslandYachtSales.com"},
{"id":"2587","listing_id":"3073","feature_num":"2","feature_type":"Sailboat","feature_website":"VancouverIslandYachtSales.com"},
{"id":"2576","listing_id":"3130","feature_num":"3","feature_type":"Sailboat","feature_website":"VancouverIslandYachtSales.com"},
{"id":"2557","listing_id":"3069","feature_num":"4","feature_type":"Sailboat","feature_website":"VancouverIslandYachtSales.com"},
{"id":"2708","listing_id":"3224","feature_num":"1","feature_type":"Sailboat","feature_website":"UnitedCityYachts.com"},
{"id":"2684","listing_id":"3195","feature_num":"2","feature_type":"Sailboat","feature_website":"UnitedCityYachts.com"},
{"id":"2628","listing_id":"3161","feature_num":"3","feature_type":"Sailboat","feature_website":"UnitedCityYachts.com"},
{"id":"2475","listing_id":"3019","feature_num":"4","feature_type":"Sailboat","feature_website":"UnitedCityYachts.com"}
]
}
]
