[
{"type":"header","version":"5.2.1","comment":"Export to JSON plugin for PHPMyAdmin"},
{"type":"database","name":"ucy-migration"},
{"type":"table","name":"users","database":"ucy-migration","data":
[
{"id":"1","email":"joe@unitedcityyachts.com","password":"fd3837d2829994e343d6331073673645469f865e","salt":"a40ba9bf54effba4bd3fdf8a7aaa2d35","username":"joe"},
{"id":"2","email":"andre@torontoyachtsales.com","password":"16cfd43af704b47117c5db7d5edfa4e75b1ed8b7","salt":"ead15a7f3f4ffc59b8068741802f410c","username":"Andre"},
{"id":"3","email":"adrian@kingstonyachtsales.com","password":"7e4053a818f01258beaa27ad2177b651ece5e47b","salt":"ef4c3f682111968196cbc8689bde749f","username":"Adrian"},
{"id":"4","email":"steve@first-page-seo.com","password":"c967624e0de2f0bac2ee43775a5aad5547ae64db","salt":"6bc3d86d35808fee62a6697084e937e7","username":"steve"},
{"id":"5","email":"info@unitedcityyachts.com","password":"4c91795ff6d616aba69e909895488ed832af99cf","salt":"97db144aee475cf096647c4760d2b56e","username":"carly"},
{"id":"6","email":"umarsindhu3@gmail.com","password":"579d25bd2a6a43dda495b0f249aeaab9c03166b1","salt":"7b5965deff5527aa7d85c975f6c32783","username":"umar"}
]
}
]
